321001,Rajasthan,Bharatpur
321028,Rajasthan,Bharatpur
321303,Rajasthan,Bharatpur
321203,Rajasthan,Bharatpur
321409,Rajasthan,Bharatpur
321407,Rajasthan,Bharatpur
321022,Rajasthan,Bharatpur
321206,Rajasthan,Bharatpur
321205,Rajasthan,Bharatpur
321204,Rajasthan,Bharatpur
321642,Rajasthan,Bharatpur
321201,Rajasthan,Bharatpur
321615,Rajasthan,Bharatpur
321024,Rajasthan,Bharatpur
321406,Rajasthan,Bharatpur
321301,Rajasthan,Bharatpur
321025,Rajasthan,Bharatpur
321302,Rajasthan,Bharatpur
321614,Rajasthan,Bharatpur
321601,Rajasthan,Bharatpur
321023,Rajasthan,Bharatpur
321602,Rajasthan,Bharatpur
321202,Rajasthan,Bharatpur
321021,Rajasthan,Bharatpur
321026,Rajasthan,Bharatpur
311301,Rajasthan,Bhilwara
311401,Rajasthan,Bhilwara
311801,Rajasthan,Bhilwara
311605,Rajasthan,Bhilwara
311603,Rajasthan,Bhilwara
311026,Rajasthan,Bhilwara
311203,Rajasthan,Bhilwara
311803,Rajasthan,Bhilwara
311404,Rajasthan,Bhilwara
311202,Rajasthan,Bhilwara
311407,Rajasthan,Bhilwara
311204,Rajasthan,Bhilwara
311011,Rajasthan,Bhilwara
311402,Rajasthan,Bhilwara
311604,Rajasthan,Bhilwara
311601,Rajasthan,Bhilwara
311602,Rajasthan,Bhilwara
311021,Rajasthan,Bhilwara
311025,Rajasthan,Bhilwara
311201,Rajasthan,Bhilwara
311805,Rajasthan,Bhilwara
311023,Rajasthan,Bhilwara
311403,Rajasthan,Bhilwara
311606,Rajasthan,Bhilwara
311802,Rajasthan,Bhilwara
311024,Rajasthan,Bhilwara
311804,Rajasthan,Bhilwara
311806,Rajasthan,Bhilwara
311408,Rajasthan,Bhilwara
311302,Rajasthan,Bhilwara
314801,Rajasthan,Dungarpur
314030,Rajasthan,Dungarpur
314001,Rajasthan,Dungarpur
314804,Rajasthan,Dungarpur
314011,Rajasthan,Dungarpur
314034,Rajasthan,Dungarpur
314032,Rajasthan,Dungarpur
314404,Rajasthan,Dungarpur
327031,Rajasthan,Banswara
327601,Rajasthan,Banswara
327021,Rajasthan,Banswara
327023,Rajasthan,Banswara
327801,Rajasthan,Banswara
327602,Rajasthan,Banswara
327001,Rajasthan,Banswara
314029,Rajasthan,Dungarpur
327032,Rajasthan,Banswara
327022,Rajasthan,Banswara
327034,Rajasthan,Banswara
314036,Rajasthan,Dungarpur
314021,Rajasthan,Dungarpur
314024,Rajasthan,Dungarpur
314038,Rajasthan,Dungarpur
327606,Rajasthan,Banswara
327027,Rajasthan,Banswara
327605,Rajasthan,Banswara
327026,Rajasthan,Banswara
327025,Rajasthan,Banswara
314031,Rajasthan,Dungarpur
314035,Rajasthan,Dungarpur
314402,Rajasthan,Dungarpur
314037,Rajasthan,Dungarpur
314026,Rajasthan,Dungarpur
314027,Rajasthan,Dungarpur
314401,Rajasthan,Dungarpur
314406,Rajasthan,Dungarpur
314028,Rajasthan,Dungarpur
314025,Rajasthan,Dungarpur
314403,Rajasthan,Dungarpur
314022,Rajasthan,Dungarpur
327604,Rajasthan,Banswara
327603,Rajasthan,Banswara
303805,Rajasthan,Jaipur
303107,Rajasthan,Jaipur
322240,Rajasthan,Dausa
303503,Rajasthan,Dausa
303509,Rajasthan,Dausa
303507,Rajasthan,Dausa
303602,Rajasthan,Jaipur
303904,Rajasthan,Jaipur
303706,Rajasthan,Jaipur
303009,Rajasthan,Jaipur
303123,Rajasthan,Jaipur
303103,Rajasthan,Jaipur
303119,Rajasthan,Jaipur
303701,Rajasthan,Jaipur
303801,Rajasthan,Jaipur
303303,Rajasthan,Dausa
303305,Rajasthan,Jaipur
303501,Rajasthan,Dausa
303323,Rajasthan,Dausa
303509,Rajasthan,Jaipur
303505,Rajasthan,Dausa
321612,Rajasthan,Dausa
303506,Rajasthan,Dausa
303510,Rajasthan,Dausa
321613,Rajasthan,Dausa
303326,Rajasthan,Dausa
303508,Rajasthan,Dausa
303302,Rajasthan,Jaipur
303302,Rajasthan,Dausa
303604,Rajasthan,Jaipur
303007,Rajasthan,Jaipur
303901,Rajasthan,Jaipur
303008,Rajasthan,Jaipur
303328,Rajasthan,Jaipur
303908,Rajasthan,Jaipur
303006,Rajasthan,Jaipur
303348,Rajasthan,Jaipur
303005,Rajasthan,Jaipur
303338,Rajasthan,Jaipur
303603,Rajasthan,Jaipur
303903,Rajasthan,Jaipur
303905,Rajasthan,Jaipur
303002,Rajasthan,Jaipur
303601,Rajasthan,Jaipur
303001,Rajasthan,Jaipur
303702,Rajasthan,Jaipur
303120,Rajasthan,Jaipur
303712,Rajasthan,Jaipur
303804,Rajasthan,Jaipur
303704,Rajasthan,Jaipur
303109,Rajasthan,Jaipur
303803,Rajasthan,Jaipur
303108,Rajasthan,Jaipur
303003,Rajasthan,Jaipur
303313,Rajasthan,Dausa
303305,Rajasthan,Dausa
303301,Rajasthan,Jaipur
303327,Rajasthan,Dausa
303315,Rajasthan,Dausa
303511,Rajasthan,Dausa
303304,Rajasthan,Dausa
303502,Rajasthan,Dausa
303012,Rajasthan,Jaipur
303105,Rajasthan,Jaipur
303106,Rajasthan,Jaipur
303107,Rajasthan,Dausa
303110,Rajasthan,Jaipur
303806,Rajasthan,Jaipur
303807,Rajasthan,Jaipur
303102,Rajasthan,Jaipur
303325,Rajasthan,Dausa
303503,Rajasthan,Jaipur
303004,Rajasthan,Dausa
321608,Rajasthan,Dausa
321609,Rajasthan,Dausa
303504,Rajasthan,Dausa
303507,Rajasthan,Jaipur
303104,Rajasthan,Jaipur
326518,Rajasthan,Kota
325221,Rajasthan,Baran
326516,Rajasthan,Jhalawar
326001,Rajasthan,Jhalawar
325001,Rajasthan,Kota
325216,Rajasthan,Baran
325215,Rajasthan,Baran
326037,Rajasthan,Jhalawar
326519,Rajasthan,Kota
325601,Rajasthan,Kota
325203,Rajasthan,Kota
326501,Rajasthan,Jhalawar
326033,Rajasthan,Jhalawar
325218,Rajasthan,Baran
325205,Rajasthan,Baran
325602,Rajasthan,Kota
326529,Rajasthan,Kota
325009,Rajasthan,Kota
324001,Rajasthan,Kota
324002,Rajasthan,Kota
324008,Rajasthan,Kota
325224,Rajasthan,Baran
326038,Rajasthan,Jhalawar
326517,Rajasthan,Kota
326512,Rajasthan,Jhalawar
326034,Rajasthan,Jhalawar
326036,Rajasthan,Jhalawar
325219,Rajasthan,Baran
326035,Rajasthan,Jhalawar
325217,Rajasthan,Baran
325206,Rajasthan,Baran
325204,Rajasthan,Kota
326501,Rajasthan,Chittorgarh
326530,Rajasthan,Kota
326513,Rajasthan,Jhalawar
326520,Rajasthan,Kota
325202,Rajasthan,Baran
325202,Rajasthan,Kota
325209,Rajasthan,Baran
326021,Rajasthan,Jhalawar
325223,Rajasthan,Baran
325214,Rajasthan,Kota
325214,Rajasthan,Baran
326022,Rajasthan,Jhalawar
325207,Rajasthan,Baran
325207,Rajasthan,Kota
326502,Rajasthan,Jhalawar
325222,Rajasthan,Baran
325003,Rajasthan,Kota
325220,Rajasthan,Baran
325004,Rajasthan,Kota
326023,Rajasthan,Jhalawar
326515,Rajasthan,Jhalawar
326514,Rajasthan,Jhalawar
325201,Rajasthan,Kota
325208,Rajasthan,Kota
326039,Rajasthan,Jhalawar
304023,Rajasthan,Tonk
304504,Rajasthan,Tonk
304025,Rajasthan,Tonk
304021,Rajasthan,Tonk
304505,Rajasthan,Tonk
304024,Rajasthan,Tonk
304001,Rajasthan,Tonk
323001,Rajasthan,Bundi
323602,Rajasthan,Bundi
323021,Rajasthan,Bundi
323803,Rajasthan,Bundi
304026,Rajasthan,Tonk
304507,Rajasthan,Tonk
323603,Rajasthan,Bundi
323026,Rajasthan,Bundi
323614,Rajasthan,Bundi
323616,Rajasthan,Bundi
323613,Rajasthan,Bundi
323301,Rajasthan,Bundi
323022,Rajasthan,Bundi
323801,Rajasthan,Bundi
323802,Rajasthan,Bundi
323024,Rajasthan,Bundi
323023,Rajasthan,Bundi
323025,Rajasthan,Bundi
304501,Rajasthan,Tonk
304022,Rajasthan,Tonk
304804,Rajasthan,Tonk
304802,Rajasthan,Tonk
304503,Rajasthan,Tonk
304502,Rajasthan,Tonk
304801,Rajasthan,Tonk
304803,Rajasthan,Tonk
307001,Rajasthan,Sirohi
322001,Rajasthan,Sawai Madhopur
322704,Rajasthan,Sawai Madhopur
322026,Rajasthan,Sawai Madhopur
322703,Rajasthan,Sawai Madhopur
322241,Rajasthan,Karauli
333042,Rajasthan,Jhujhunu
331027,Rajasthan,Jhujhunu
333026,Rajasthan,Jhujhunu
333305,Rajasthan,Jhujhunu
333001,Rajasthan,Jhujhunu
341512,Rajasthan,Nagaur
341509,Rajasthan,Nagaur
341508,Rajasthan,Nagaur
341505,Rajasthan,Nagaur
341001,Rajasthan,Nagaur
342902,Rajasthan,Nagaur
341506,Rajasthan,Nagaur
341503,Rajasthan,Nagaur
313015,Rajasthan,Udaipur
313804,Rajasthan,Udaipur
313038,Rajasthan,Udaipur
313903,Rajasthan,Udaipur
313001,Rajasthan,Udaipur
334001,Rajasthan,Bikaner
334602,Rajasthan,Bikaner
334302,Rajasthan,Bikaner
331803,Rajasthan,Bikaner
331811,Rajasthan,Bikaner
334402,Rajasthan,Bikaner
307515,Rajasthan,Sirohi
307501,Rajasthan,Sirohi
307026,Rajasthan,Sirohi
307032,Rajasthan,Sirohi
307511,Rajasthan,Sirohi
307031,Rajasthan,Sirohi
307512,Rajasthan,Sirohi
307801,Rajasthan,Sirohi
307019,Rajasthan,Sirohi
307802,Rajasthan,Sirohi
307513,Rajasthan,Sirohi
307043,Rajasthan,Sirohi
307022,Rajasthan,Sirohi
307028,Rajasthan,Sirohi
307514,Rajasthan,Sirohi
307024,Rajasthan,Sirohi
307023,Rajasthan,Sirohi
307510,Rajasthan,Sirohi
307027,Rajasthan,Sirohi
343001,Rajasthan,Jalor
307029,Rajasthan,Jalor
343025,Rajasthan,Jalor
343032,Rajasthan,Jalor
343029,Rajasthan,Jalor
343023,Rajasthan,Jalor
307030,Rajasthan,Jalor
343027,Rajasthan,Jalor
307515,Rajasthan,Jalor
343030,Rajasthan,Jalor
343049,Rajasthan,Jalor
343042,Rajasthan,Jalor
343039,Rajasthan,Jalor
343028,Rajasthan,Jalor
307803,Rajasthan,Jalor
343040,Rajasthan,Jalor
343041,Rajasthan,Jalor
343022,Rajasthan,Jalor
322218,Rajasthan,Sawai Madhopur
322243,Rajasthan,Sawai Madhopur
305204,Rajasthan,Ajmer
311030,Rajasthan,Bhilwara
312204,Rajasthan,Chittorgarh
312613,Rajasthan,Chittorgarh
331506,Rajasthan,Churu
345023,Rajasthan,Jaisalmer
342027,Rajasthan,Jodhpur
342311,Rajasthan,Jodhpur
306001,Rajasthan,Pali
306126,Rajasthan,Pali
306708,Rajasthan,Pali
332401,Rajasthan,Sikar
332316,Rajasthan,Sikar
332302,Rajasthan,Sikar
332002,Rajasthan,Sikar
332023,Rajasthan,Sikar
332402,Rajasthan,Sikar
332312,Rajasthan,Sikar
332027,Rajasthan,Sikar
332715,Rajasthan,Sikar
332701,Rajasthan,Sikar
332706,Rajasthan,Sikar
332710,Rajasthan,Sikar
332714,Rajasthan,Sikar
332718,Rajasthan,Sikar
332713,Rajasthan,Sikar
335001,Rajasthan,Ganganagar
335804,Rajasthan,Ganganagar
335803,Rajasthan,Hanumangarh
335523,Rajasthan,Hanumangarh
335503,Rajasthan,Hanumangarh
305408,Rajasthan,Ajmer
342001,Rajasthan,Jodhpur
331023,Rajasthan,Churu
312625,Rajasthan,Chittorgarh
312626,Rajasthan,Chittorgarh
312624,Rajasthan,Chittorgarh
344011,Rajasthan,Barmer
301403,Rajasthan,Alwar
335512,Rajasthan,Hanumangarh
335027,Rajasthan,Ganganagar
334804,Rajasthan,Bikaner
312402,Rajasthan,Chittorgarh
335707,Rajasthan,Ganganagar
305404,Rajasthan,Ajmer
305002,Rajasthan,Ajmer
301707,Rajasthan,Alwar
301411,Rajasthan,Alwar
301405,Rajasthan,Alwar
301027,Rajasthan,Alwar
342606,Rajasthan,Jodhpur
342025,Rajasthan,Jodhpur
342022,Rajasthan,Jodhpur
342605,Rajasthan,Jodhpur
335064,Rajasthan,Hanumangarh
335051,Rajasthan,Ganganagar
335041,Rajasthan,Ganganagar
335039,Rajasthan,Ganganagar
335073,Rajasthan,Ganganagar
335504,Rajasthan,Hanumangarh
335702,Rajasthan,Ganganagar
332712,Rajasthan,Sikar
312601,Rajasthan,Chittorgarh
312022,Rajasthan,Chittorgarh
312605,Rajasthan,Chittorgarh
312615,Rajasthan,Chittorgarh
313706,Rajasthan,Udaipur
305004,Rajasthan,Ajmer
305814,Rajasthan,Ajmer
305813,Rajasthan,Ajmer
305812,Rajasthan,Ajmer
305816,Rajasthan,Ajmer
305021,Rajasthan,Ajmer
305819,Rajasthan,Ajmer
305802,Rajasthan,Ajmer
305811,Rajasthan,Ajmer
305022,Rajasthan,Ajmer
305205,Rajasthan,Ajmer
305815,Rajasthan,Ajmer
305206,Rajasthan,Ajmer
305025,Rajasthan,Ajmer
305801,Rajasthan,Ajmer
305023,Rajasthan,Ajmer
305005,Rajasthan,Ajmer
305003,Rajasthan,Ajmer
305024,Rajasthan,Ajmer
305012,Rajasthan,Ajmer
344026,Rajasthan,Barmer
344701,Rajasthan,Barmer
344706,Rajasthan,Barmer
344032,Rajasthan,Barmer
344705,Rajasthan,Barmer
344043,Rajasthan,Barmer
344021,Rajasthan,Barmer
344702,Rajasthan,Barmer
344022,Rajasthan,Barmer
344001,Rajasthan,Barmer
344704,Rajasthan,Barmer
344708,Rajasthan,Barmer
344501,Rajasthan,Barmer
344703,Rajasthan,Barmer
344502,Rajasthan,Barmer
344033,Rajasthan,Barmer
344034,Rajasthan,Barmer
344035,Rajasthan,Barmer
344031,Rajasthan,Barmer
344044,Rajasthan,Barmer
344801,Rajasthan,Barmer
344012,Rajasthan,Barmer
344037,Rajasthan,Barmer
344027,Rajasthan,Barmer
344001,Rajasthan,Hanumangarh
305922,Rajasthan,Rajsamand
305623,Rajasthan,Ajmer
305601,Rajasthan,Ajmer
305629,Rajasthan,Ajmer
305407,Rajasthan,Ajmer
305922,Rajasthan,Ajmer
305207,Rajasthan,Ajmer
305927,Rajasthan,Ajmer
305202,Rajasthan,Ajmer
305923,Rajasthan,Ajmer
305203,Rajasthan,Ajmer
305630,Rajasthan,Ajmer
305925,Rajasthan,Ajmer
305925,Rajasthan,Rajsamand
305924,Rajasthan,Ajmer
305415,Rajasthan,Ajmer
305621,Rajasthan,Ajmer
305401,Rajasthan,Ajmer
305628,Rajasthan,Ajmer
305622,Rajasthan,Ajmer
305624,Rajasthan,Ajmer
305412,Rajasthan,Ajmer
305625,Rajasthan,Ajmer
305406,Rajasthan,Ajmer
305405,Rajasthan,Ajmer
305402,Rajasthan,Ajmer
305403,Rajasthan,Ajmer
305627,Rajasthan,Ajmer
305901,Rajasthan,Ajmer
305901,Rajasthan,Rajsamand
305926,Rajasthan,Ajmer
305201,Rajasthan,Ajmer
334303,Rajasthan,Bikaner
334023,Rajasthan,Bikaner
334201,Rajasthan,Bikaner
331811,Rajasthan,Churu
334802,Rajasthan,Bikaner
334601,Rajasthan,Bikaner
334808,Rajasthan,Bikaner
334603,Rajasthan,Bikaner
334604,Rajasthan,Bikaner
334803,Rajasthan,Bikaner
334021,Rajasthan,Bikaner
334202,Rajasthan,Bikaner
331801,Rajasthan,Bikaner
334305,Rajasthan,Bikaner
334801,Rajasthan,Bikaner
334022,Rajasthan,Bikaner
312619,Rajasthan,Chittorgarh
312616,Rajasthan,Chittorgarh
312205,Rajasthan,Chittorgarh
312023,Rajasthan,Chittorgarh
312027,Rajasthan,Chittorgarh
312001,Rajasthan,Chittorgarh
312901,Rajasthan,Chittorgarh
312202,Rajasthan,Chittorgarh
312404,Rajasthan,Chittorgarh
312203,Rajasthan,Chittorgarh
312604,Rajasthan,Chittorgarh
312614,Rajasthan,Chittorgarh
312024,Rajasthan,Chittorgarh
312201,Rajasthan,Chittorgarh
312612,Rajasthan,Chittorgarh
312620,Rajasthan,Chittorgarh
312602,Rajasthan,Chittorgarh
323307,Rajasthan,Chittorgarh
312401,Rajasthan,Chittorgarh
312207,Rajasthan,Chittorgarh
312606,Rajasthan,Chittorgarh
312623,Rajasthan,Chittorgarh
312021,Rajasthan,Chittorgarh
312206,Rajasthan,Chittorgarh
312603,Rajasthan,Chittorgarh
312403,Rajasthan,Chittorgarh
323304,Rajasthan,Chittorgarh
323306,Rajasthan,Chittorgarh
301001,Rajasthan,Alwar
301035,Rajasthan,Alwar
345022,Rajasthan,Jaisalmer
345025,Rajasthan,Jaisalmer
345027,Rajasthan,Jaisalmer
342015,Rajasthan,Jodhpur
345001,Rajasthan,Jaisalmer
342013,Rajasthan,Jodhpur
342023,Rajasthan,Jodhpur
342014,Rajasthan,Jodhpur
341026,Rajasthan,Nagaur
345034,Rajasthan,Jaisalmer
345024,Rajasthan,Jaisalmer
302012,Rajasthan,Jaipur
302013,Rajasthan,Jaipur
302022,Rajasthan,Jaipur
302031,Rajasthan,Jaipur
343024,Rajasthan,Jalor
343021,Rajasthan,Jalor
343048,Rajasthan,Jalor
301020,Rajasthan,Alwar
301701,Rajasthan,Alwar
301401,Rajasthan,Alwar
301402,Rajasthan,Alwar
301714,Rajasthan,Alwar
301709,Rajasthan,Alwar
301412,Rajasthan,Alwar
301713,Rajasthan,Alwar
301427,Rajasthan,Alwar
301404,Rajasthan,Alwar
301708,Rajasthan,Alwar
301703,Rajasthan,Alwar
301704,Rajasthan,Alwar
301407,Rajasthan,Alwar
301705,Rajasthan,Alwar
301706,Rajasthan,Alwar
301023,Rajasthan,Alwar
301028,Rajasthan,Alwar
301021,Rajasthan,Alwar
301604,Rajasthan,Alwar
301406,Rajasthan,Alwar
301024,Rajasthan,Alwar
301025,Rajasthan,Alwar
301026,Rajasthan,Alwar
301410,Rajasthan,Alwar
301019,Rajasthan,Alwar
301414,Rajasthan,Alwar
301413,Rajasthan,Alwar
321605,Rajasthan,Alwar
301018,Rajasthan,Alwar
321606,Rajasthan,Alwar
301702,Rajasthan,Alwar
321607,Rajasthan,Alwar
321633,Rajasthan,Alwar
301030,Rajasthan,Alwar
301408,Rajasthan,Alwar
301415,Rajasthan,Alwar
301409,Rajasthan,Alwar
301022,Rajasthan,Alwar
328025,Rajasthan,Dholpur
328027,Rajasthan,Dholpur
313011,Rajasthan,Udaipur
311022,Rajasthan,Bhilwara
333801,Rajasthan,Jhujhunu
333503,Rajasthan,Jhujhunu
331024,Rajasthan,Sikar
313324,Rajasthan,Rajsamand
314023,Rajasthan,Dungarpur
314023,Rajasthan,Jaipur
306103,Rajasthan,Pali
306023,Rajasthan,Pali
301416,Rajasthan,Alwar
344024,Rajasthan,Barmer
344025,Rajasthan,Barmer
334403,Rajasthan,Bikaner
334004,Rajasthan,Bikaner
334006,Rajasthan,Bikaner
334401,Rajasthan,Bikaner
334003,Rajasthan,Bikaner
323303,Rajasthan,Chittorgarh
312617,Rajasthan,Chittorgarh
323305,Rajasthan,Chittorgarh
312025,Rajasthan,Chittorgarh
331501,Rajasthan,Churu
331503,Rajasthan,Churu
331502,Rajasthan,Churu
331022,Rajasthan,Churu
331507,Rajasthan,Churu
331504,Rajasthan,Churu
331518,Rajasthan,Churu
331505,Rajasthan,Churu
331802,Rajasthan,Churu
331517,Rajasthan,Churu
331001,Rajasthan,Churu
331411,Rajasthan,Churu
331029,Rajasthan,Churu
331403,Rajasthan,Churu
331305,Rajasthan,Churu
331402,Rajasthan,Churu
331301,Rajasthan,Churu
331021,Rajasthan,Churu
331302,Rajasthan,Churu
331303,Rajasthan,Churu
331031,Rajasthan,Churu
331701,Rajasthan,Churu
331304,Rajasthan,Churu
321405,Rajasthan,Bharatpur
321403,Rajasthan,Bharatpur
328031,Rajasthan,Dholpur
328021,Rajasthan,Dholpur
328023,Rajasthan,Dholpur
328022,Rajasthan,Dholpur
321401,Rajasthan,Bharatpur
328001,Rajasthan,Dholpur
321410,Rajasthan,Bharatpur
328041,Rajasthan,Dholpur
328028,Rajasthan,Dholpur
321411,Rajasthan,Bharatpur
328024,Rajasthan,Dholpur
328029,Rajasthan,Dholpur
328030,Rajasthan,Dholpur
321402,Rajasthan,Bharatpur
321404,Rajasthan,Bharatpur
328026,Rajasthan,Dholpur
321408,Rajasthan,Bharatpur
333705,Rajasthan,Jhujhunu
331025,Rajasthan,Jhujhunu
333021,Rajasthan,Jhujhunu
333032,Rajasthan,Jhujhunu
333302,Rajasthan,Jhujhunu
333303,Rajasthan,Jhujhunu
333701,Rajasthan,Jhujhunu
333011,Rajasthan,Jhujhunu
333707,Rajasthan,Jhujhunu
333702,Rajasthan,Jhujhunu
333022,Rajasthan,Jhujhunu
333304,Rajasthan,Jhujhunu
331030,Rajasthan,Jhujhunu
331028,Rajasthan,Jhujhunu
333704,Rajasthan,Jhujhunu
333041,Rajasthan,Jhujhunu
333308,Rajasthan,Jhujhunu
333053,Rajasthan,Jhujhunu
331026,Rajasthan,Jhujhunu
333012,Rajasthan,Jhujhunu
333307,Rajasthan,Jhujhunu
333027,Rajasthan,Jhujhunu
333501,Rajasthan,Jhujhunu
333023,Rajasthan,Jhujhunu
333502,Rajasthan,Jhujhunu
333031,Rajasthan,Jhujhunu
333024,Rajasthan,Jhujhunu
333033,Rajasthan,Jhujhunu
333514,Rajasthan,Jhujhunu
333030,Rajasthan,Jhujhunu
333504,Rajasthan,Jhujhunu
333034,Rajasthan,Jhujhunu
333025,Rajasthan,Jhujhunu
333035,Rajasthan,Jhujhunu
333515,Rajasthan,Jhujhunu
332716,Rajasthan,Jhujhunu
333516,Rajasthan,Jhujhunu
333028,Rajasthan,Jhujhunu
332746,Rajasthan,Jhujhunu
333029,Rajasthan,Jhujhunu
333036,Rajasthan,Jhujhunu
342008,Rajasthan,Jodhpur
342003,Rajasthan,Jodhpur
342011,Rajasthan,Jodhpur
345031,Rajasthan,Jaisalmer
345033,Rajasthan,Jaisalmer
345028,Rajasthan,Jaisalmer
342310,Rajasthan,Jaisalmer
345021,Rajasthan,Jaisalmer
342901,Rajasthan,Jodhpur
342307,Rajasthan,Jodhpur
342603,Rajasthan,Jodhpur
342602,Rajasthan,Jodhpur
342604,Rajasthan,Jodhpur
342312,Rajasthan,Jodhpur
342314,Rajasthan,Jodhpur
342801,Rajasthan,Jodhpur
342026,Rajasthan,Jodhpur
342006,Rajasthan,Jodhpur
342005,Rajasthan,Jodhpur
342007,Rajasthan,Jodhpur
342308,Rajasthan,Jodhpur
342037,Rajasthan,Jodhpur
342302,Rajasthan,Jodhpur
342802,Rajasthan,Jodhpur
342304,Rajasthan,Jodhpur
342305,Rajasthan,Jodhpur
342303,Rajasthan,Jodhpur
342309,Rajasthan,Jodhpur
342301,Rajasthan,Jodhpur
342601,Rajasthan,Jodhpur
342306,Rajasthan,Jodhpur
342028,Rajasthan,Jodhpur
342024,Rajasthan,Jodhpur
345026,Rajasthan,Jaisalmer
306301,Rajasthan,Pali
306308,Rajasthan,Pali
306601,Rajasthan,Pali
306116,Rajasthan,Pali
306115,Rajasthan,Pali
306401,Rajasthan,Pali
306703,Rajasthan,Pali
306104,Rajasthan,Pali
306902,Rajasthan,Pali
306101,Rajasthan,Pali
306901,Rajasthan,Pali
306105,Rajasthan,Pali
306306,Rajasthan,Pali
306709,Rajasthan,Pali
306422,Rajasthan,Pali
306302,Rajasthan,Pali
306119,Rajasthan,Pali
306305,Rajasthan,Pali
306303,Rajasthan,Pali
306307,Rajasthan,Pali
306304,Rajasthan,Pali
306421,Rajasthan,Pali
306102,Rajasthan,Pali
306912,Rajasthan,Pali
306021,Rajasthan,Pali
306114,Rajasthan,Pali
306701,Rajasthan,Pali
306602,Rajasthan,Pali
306704,Rajasthan,Pali
306022,Rajasthan,Pali
306501,Rajasthan,Pali
306502,Rajasthan,Pali
306706,Rajasthan,Pali
306705,Rajasthan,Pali
306603,Rajasthan,Pali
306504,Rajasthan,Pali
306702,Rajasthan,Pali
306707,Rajasthan,Pali
306503,Rajasthan,Pali
322220,Rajasthan,Karauli
322230,Rajasthan,Karauli
322201,Rajasthan,Sawai Madhopur
322021,Rajasthan,Sawai Madhopur
322701,Rajasthan,Sawai Madhopur
322033,Rajasthan,Sawai Madhopur
322024,Rajasthan,Sawai Madhopur
322702,Rajasthan,Sawai Madhopur
322034,Rajasthan,Sawai Madhopur
322025,Rajasthan,Sawai Madhopur
322029,Rajasthan,Sawai Madhopur
322030,Rajasthan,Sawai Madhopur
322028,Rajasthan,Sawai Madhopur
322027,Rajasthan,Sawai Madhopur
322211,Rajasthan,Sawai Madhopur
322212,Rajasthan,Karauli
322213,Rajasthan,Karauli
322216,Rajasthan,Karauli
322255,Rajasthan,Karauli
322202,Rajasthan,Sawai Madhopur
322215,Rajasthan,Karauli
322023,Rajasthan,Sawai Madhopur
322203,Rajasthan,Karauli
322205,Rajasthan,Sawai Madhopur
322214,Rajasthan,Sawai Madhopur
322204,Rajasthan,Karauli
322218,Rajasthan,Karauli
322219,Rajasthan,Sawai Madhopur
322238,Rajasthan,Karauli
321611,Rajasthan,Karauli
322236,Rajasthan,Karauli
322254,Rajasthan,Karauli
321610,Rajasthan,Karauli
322243,Rajasthan,Karauli
322234,Rajasthan,Karauli
322249,Rajasthan,Karauli
322251,Rajasthan,Karauli
322242,Rajasthan,Karauli
322252,Rajasthan,Karauli
332705,Rajasthan,Sikar
332721,Rajasthan,Sikar
332707,Rajasthan,Sikar
332708,Rajasthan,Sikar
332709,Rajasthan,Sikar
332711,Rajasthan,Sikar
332719,Rajasthan,Sikar
332024,Rajasthan,Sikar
332406,Rajasthan,Sikar
332031,Rajasthan,Sikar
332025,Rajasthan,Sikar
332001,Rajasthan,Sikar
332026,Rajasthan,Sikar
332041,Rajasthan,Sikar
332403,Rajasthan,Sikar
332028,Rajasthan,Sikar
332030,Rajasthan,Sikar
332405,Rajasthan,Sikar
332042,Rajasthan,Sikar
332301,Rajasthan,Sikar
332021,Rajasthan,Sikar
332029,Rajasthan,Sikar
332303,Rajasthan,Sikar
332318,Rajasthan,Sikar
332315,Rajasthan,Sikar
332311,Rajasthan,Sikar
332304,Rajasthan,Sikar
332317,Rajasthan,Sikar
332305,Rajasthan,Sikar
332307,Rajasthan,Sikar
332411,Rajasthan,Sikar
332601,Rajasthan,Sikar
332702,Rajasthan,Sikar
332703,Rajasthan,Sikar
332722,Rajasthan,Sikar
332602,Rajasthan,Sikar
332742,Rajasthan,Sikar
332603,Rajasthan,Sikar
332404,Rajasthan,Sikar
335701,Rajasthan,Ganganagar
335021,Rajasthan,Ganganagar
335022,Rajasthan,Ganganagar
335023,Rajasthan,Ganganagar
335025,Rajasthan,Ganganagar
335024,Rajasthan,Ganganagar
335901,Rajasthan,Ganganagar
335037,Rajasthan,Ganganagar
335711,Rajasthan,Ganganagar
335038,Rajasthan,Ganganagar
335040,Rajasthan,Ganganagar
335703,Rajasthan,Ganganagar
335061,Rajasthan,Ganganagar
335062,Rajasthan,Ganganagar
335704,Rajasthan,Ganganagar
335002,Rajasthan,Ganganagar
335501,Rajasthan,Hanumangarh
335511,Rajasthan,Hanumangarh
335801,Rajasthan,Hanumangarh
335802,Rajasthan,Hanumangarh
335513,Rajasthan,Hanumangarh
335502,Rajasthan,Hanumangarh
335065,Rajasthan,Hanumangarh
335524,Rajasthan,Hanumangarh
335063,Rajasthan,Hanumangarh
335705,Rajasthan,Ganganagar
335525,Rajasthan,Hanumangarh
335526,Rajasthan,Hanumangarh
313205,Rajasthan,Udaipur
313705,Rajasthan,Udaipur
313604,Rajasthan,Udaipur
313201,Rajasthan,Udaipur
313602,Rajasthan,Udaipur
313703,Rajasthan,Udaipur
313708,Rajasthan,Udaipur
313204,Rajasthan,Udaipur
313206,Rajasthan,Udaipur
313704,Rajasthan,Udaipur
313601,Rajasthan,Udaipur
313024,Rajasthan,Udaipur
313202,Rajasthan,Rajsamand
313331,Rajasthan,Rajsamand
313321,Rajasthan,Rajsamand
313207,Rajasthan,Rajsamand
313334,Rajasthan,Rajsamand
313325,Rajasthan,Rajsamand
313322,Rajasthan,Rajsamand
313327,Rajasthan,Rajsamand
313323,Rajasthan,Rajsamand
313328,Rajasthan,Rajsamand
313330,Rajasthan,Rajsamand
313301,Rajasthan,Rajsamand
313329,Rajasthan,Rajsamand
313342,Rajasthan,Rajsamand
313603,Rajasthan,Udaipur
313022,Rajasthan,Udaipur
313904,Rajasthan,Udaipur
313026,Rajasthan,Udaipur
313702,Rajasthan,Udaipur
313905,Rajasthan,Udaipur
313803,Rajasthan,Udaipur
307025,Rajasthan,Udaipur
313031,Rajasthan,Udaipur
313906,Rajasthan,Udaipur
313801,Rajasthan,Udaipur
313701,Rajasthan,Udaipur
313802,Rajasthan,Udaipur
313027,Rajasthan,Udaipur
313902,Rajasthan,Udaipur
313002,Rajasthan,Udaipur
313003,Rajasthan,Udaipur
313901,Rajasthan,Udaipur
313341,Rajasthan,Rajsamand
305921,Rajasthan,Rajsamand
313333,Rajasthan,Rajsamand
313332,Rajasthan,Rajsamand
313211,Rajasthan,Rajsamand
302006,Rajasthan,Jaipur
302015,Rajasthan,Jaipur
302017,Rajasthan,Jaipur
302018,Rajasthan,Jaipur
302019,Rajasthan,Jaipur
302020,Rajasthan,Jaipur
302021,Rajasthan,Jaipur
302039,Rajasthan,Jaipur
302026,Rajasthan,Jaipur
302027,Rajasthan,Jaipur
302028,Rajasthan,Jaipur
302029,Rajasthan,Jaipur
302033,Rajasthan,Jaipur
302004,Rajasthan,Jaipur
302016,Rajasthan,Jaipur
302002,Rajasthan,Jaipur
302001,Rajasthan,Jaipur
302003,Rajasthan,Jaipur
302005,Rajasthan,Jaipur
302034,Rajasthan,Jaipur
303121,Rajasthan,Jaipur
301002,Rajasthan,Alwar
313203,Rajasthan,Udaipur
302037,Rajasthan,Jaipur
335805,Rajasthan,Ganganagar
302036,Rajasthan,Jaipur
303122,Rajasthan,Jaipur
302043,Rajasthan,Jaipur
312627,Rajasthan,Chittorgarh
326024,Rajasthan,Jhalawar
342029,Rajasthan,Jodhpur
302040,Rajasthan,Jaipur
342021,Rajasthan,Jodhpur
302038,Rajasthan,Jaipur
302042,Rajasthan,Jaipur
302041,Rajasthan,Jaipur
343002,Rajasthan,Jalor
324009,Rajasthan,Kota
312622,Rajasthan,Chittorgarh
342012,Rajasthan,Jodhpur
327024,Rajasthan,Banswara
303329,Rajasthan,Jaipur
324006,Rajasthan,Kota
324003,Rajasthan,Kota
324004,Rajasthan,Kota
324005,Rajasthan,Kota
324007,Rajasthan,Kota
324010,Rajasthan,Kota
326517,Rajasthan,Jhalawar
323601,Rajasthan,Bundi
323615,Rajasthan,Bundi
333029,Rajasthan,Jodhpur
345001,Rajasthan,Jodhpur
345033,Rajasthan,Jodhpur
341511,Rajasthan,Nagaur
341023,Rajasthan,Nagaur
341024,Rajasthan,Nagaur
341514,Rajasthan,Nagaur
341303,Rajasthan,Nagaur
341305,Rajasthan,Nagaur
341501,Rajasthan,Nagaur
341021,Rajasthan,Nagaur
341022,Rajasthan,Nagaur
341510,Rajasthan,Nagaur
341518,Rajasthan,Nagaur
341028,Rajasthan,Nagaur
341025,Rajasthan,Nagaur
305026,Rajasthan,Nagaur
341031,Rajasthan,Nagaur
341513,Rajasthan,Nagaur
341027,Rajasthan,Nagaur
341029,Rajasthan,Nagaur
341030,Rajasthan,Nagaur
341301,Rajasthan,Nagaur
341551,Rajasthan,Nagaur
341302,Rajasthan,Nagaur
341516,Rajasthan,Nagaur
341515,Rajasthan,Nagaur
341304,Rajasthan,Nagaur
341318,Rajasthan,Nagaur
341306,Rajasthan,Nagaur
341517,Rajasthan,Nagaur
341316,Rajasthan,Nagaur
341317,Rajasthan,Nagaur
341319,Rajasthan,Nagaur
341520,Rajasthan,Nagaur
341502,Rajasthan,Nagaur
341504,Rajasthan,Nagaur
341542,Rajasthan,Nagaur
341519,Rajasthan,Nagaur
341507,Rajasthan,Nagaur
341533,Rajasthan,Nagaur
322212,Rajasthan,Sawai Madhopur
322033,Rajasthan,Karauli
322202,Rajasthan,Karauli
322215,Rajasthan,Sawai Madhopur
322203,Rajasthan,Sawai Madhopur
322220,Rajasthan,Sawai Madhopur
322204,Rajasthan,Sawai Madhopur
322219,Rajasthan,Karauli
335024,Rajasthan,Hanumangarh
335065,Rajasthan,Ganganagar
312626,Rajasthan,Udaipur
313206,Rajasthan,Rajsamand
313704,Rajasthan,Rajsamand
311001,Rajasthan,Bhilwara
305001,Rajasthan,Ajmer
305007,Rajasthan,Ajmer
305009,Rajasthan,Ajmer
305817,Rajasthan,Ajmer
313004,Rajasthan,Udaipur
